"url","user_username","like","link","location_name","location_id","location_latitude","location_longitude","filter","created_time","user_profile_picture","user_full_name","user_id","data_legivel","caption","comments"
"https://scontent.cdninstagram.com/hphotos-xpf1/t51.2885-15/s320x320/e15/11189567_1653769764853606_1070158680_n.jpg","lafhaete","13","https://instagram.com/p/2HMiGkE2RT/",,,,,"Normal","1430425590","https://igcdn-photos-a-a.akamaihd.net/hphotos-ak-xaf1/t51.2885-19/s150x150/11256688_860955610660600_1612825814_a.jpg","Lafhaete Soares","1378051240","03-05-2015 - 04-52-17",,"[ğŸ‘][ğŸ”ğŸ”ğŸ”]"
"https://scontent.cdninstagram.com/hphotos-xpa1/t51.2885-15/s320x320/e15/11190803_824417760975726_1397486432_n.jpg","espiritocapixaba","116","https://instagram.com/p/2HLzMzqnf9/",,,,,"Normal","1430425206","https://igcdn-photos-a-a.akamaihd.net/hphotos-ak-xaf1/t51.2885-19/s150x150/11326363_753882504733848_1160151588_a.jpg","ğŸŒºEspÃ­rito Capixaba ğŸŒğŸŒ´ï¸ğŸŒŠâœŒï¸","1623612716","30-04-2015 - 17-20-06",,""
"https://scontent.cdninstagram.com/hphotos-xpa1/t51.2885-15/s320x320/e15/11201692_844272562276532_1038295971_n.jpg","sollovitoria","8","https://instagram.com/p/2G7b1kAx-E/",,,,,"Normal","1430416626","https://igcdn-photos-g-a.akamaihd.net/hphotos-ak-xfa1/t51.2885-19/s150x150/11385176_1679787205584222_458582457_a.jpg","Sollo Vitoria","1823095198","30-04-2015 - 14-57-06",,""
"https://scontent.cdninstagram.com/hphotos-xpa1/t51.2885-15/s320x320/e15/11199623_752149641568692_1226441762_n.jpg","petescolaguiadamatilha","43","https://instagram.com/p/2G2mudtZCa/",,,,,"Lark","1430414094","https://igcdn-photos-a-a.akamaihd.net/hphotos-ak-xfp1/t51.2885-19/10467949_780027088719992_587115371_a.jpg","Pet Escola Guia Da Matilha","358288427","30-04-2015 - 14-14-54",,""
"https://scontent.cdninstagram.com/hphotos-xaf1/l/t51.2885-15/s320x320/e15/11205906_1578265665759453_757582070_n.jpg","aninha.soul","6","https://instagram.com/p/2G1nAHh10m/",,,,,"Normal","1430413571","https://igcdn-photos-d-a.akamaihd.net/hphotos-ak-xaf1/t51.2885-19/11333668_882622231804731_1584811740_a.jpg","Ana Paula","1320330470","30-04-2015 - 14-06-11",,""
"https://scontent.cdninstagram.com/hphotos-xpa1/t51.2885-15/s320x320/e15/11201546_367429273450331_208343363_n.jpg","aninha.soul","4","https://instagram.com/p/2G1djTB10T/",,,,,"Normal","1430413494","https://igcdn-photos-d-a.akamaihd.net/hphotos-ak-xaf1/t51.2885-19/11333668_882622231804731_1584811740_a.jpg","Ana Paula","1320330470","30-04-2015 - 14-04-54",,""
"https://scontent.cdninstagram.com/hphotos-xpa1/t51.2885-15/s320x320/e15/11203208_468365463315494_343650558_n.jpg","clinicaclaudiamaestri","5","https://instagram.com/p/2Gz5MsQ9lt/","ClÃ­nica Claudia Maestri","10719250","-20.2594002","-40.2694265","Normal","1430412672","https://igcdn-photos-f-a.akamaihd.net/hphotos-ak-xap1/t51.2885-19/10979679_1553544034919221_1274817574_a.jpg","","1503469341","01-05-2015 - 12-19-05","O exame de paquimetria serve para avaliar a espessura da cÃ³rnea, importante informaÃ§Ã£o para realizar a operaÃ§Ã£o refrativa (deixa de usar Ã³culos) e tambÃ©m identificar problemas como glaucoma. #oftamologia #claudiamaestri #vitoriaes","[Eu quero cunhada!!]"
"https://scontent.cdninstagram.com/hphotos-xpa1/t51.2885-15/s320x320/e15/11191082_711419502319132_1072772991_n.jpg","lafhaete","20","https://instagram.com/p/2GvQVTE2ZD/",,,,,"Moon","1430410240","https://igcdn-photos-a-a.akamaihd.net/hphotos-ak-xaf1/t51.2885-19/s150x150/11256688_860955610660600_1612825814_a.jpg","Lafhaete Soares","1378051240","02-05-2015 - 20-43-22",,"[ğŸ˜‰ ğŸ˜ƒ ğŸ‘ ğŸ˜‰ ğŸ˜Š][@oficialluizinhonobre Obrigadooo, abraÃ§o!!][We #LOVES this picture][@georgeloves Thank you so much.][I loved your profile, amazing and cool. @georgeloves][ğŸ’‹]"
"https://scontent.cdninstagram.com/hphotos-xap1/t51.2885-15/s320x320/e15/11201772_1503824669877330_38850322_n.jpg","dp_replicas","108","https://instagram.com/p/2GrkPiL9Zr/",,,,,"Normal","1430408306","https://instagramimages-a.akamaihd.net/profiles/profile_461698060_75sq_1375093865.jpg","DPReplicas","461698060","01-06-2015 - 17-34-27",,"[Teria o A4 preto @dp_replicas]"
"https://scontent.cdninstagram.com/hphotos-xap1/t51.2885-15/s320x320/e15/11191368_1701239153436771_1420858578_n.jpg","elciobandeira","60","https://instagram.com/p/2GqZZYtBnN/",,,,,"Normal","1430407693","https://igcdn-photos-g-a.akamaihd.net/hphotos-ak-xaf1/t51.2885-19/11421984_1616940141910774_31210432_a.jpg","Elcio Bandeira","455208333","30-04-2015 - 12-29-36",,"[ğŸ˜][Linda foto!][Obrigado @cconsequat][Amo essa foto!][mandou mto na edicao!]"
"https://scontent.cdninstagram.com/hphotos-xpa1/t51.2885-15/s320x320/e15/11193206_296366817153607_1480291410_n.jpg","supercarroscapixabas","547","https://instagram.com/p/2Gpze0r51c/","Land VitÃ³ria","588937085","-20.29520061","-40.30118145","Normal","1430407382","https://igcdn-photos-h-a.akamaihd.net/hphotos-ak-xfa1/t51.2885-19/11372126_1589753191275879_955392180_a.jpg","Exclusivos No Espirito Santo!","334978046","30-04-2015 - 12-24-30","Â·| Jaguar F-Type S CoupÃ© |* Foto: @Dheykslucio* Via: @Cars_Exotics_No_ES* Local: Reta da Penha,VitÃ³ria - ES| #Jaguar | #FType | #FtypeS | #V6 | #RetaDaPenha | #Vix | #VitoriaES |","[@supercarroscapixabas esse carro Ã© test drive?][Ops! @pedroarthurpimentel!][Lindo demais!!!][ğŸ”ğŸ”ğŸ”ğŸ”][Encalhado?][@guiguidolim Sim , ele Ã© um test drive... Plotamos ele para a inauguraÃ§Ã£o da loja , e ainda nÃ£o retiramos... A cor original dele Ã© branco.! ğŸ˜‰][@leledcastro assim estÃ¡ lindo demais, parabÃ©ns pela loja!! ğŸ˜„][@malini.vitor esse Ã© bolado]"
"https://scontent.cdninstagram.com/hphotos-xap1/t51.2885-15/s320x320/e15/11191392_347908515399487_626067138_n.jpg","gideon_fotografo","34","https://instagram.com/p/2GpR6gRRMw/",,,,,"Normal","1430407107","https://igcdn-photos-g-a.akamaihd.net/hphotos-ak-xaf1/t51.2885-19/11374537_813391375418430_899077343_a.jpg","GIDEON RODRIGUES ğŸ“· (ES)","1359719419","30-04-2015 - 12-18-27",,""
"https://scontent.cdninstagram.com/hphotos-xpa1/t51.2885-15/s320x320/e15/11195762_1635635903335418_1149814338_n.jpg","supercarroscapixabas","565","https://instagram.com/p/2Go27gr5zu/","Shopping VitÃ³ria","214621663","-20.3124809","-40.2884293","Normal","1430406886","https://igcdn-photos-h-a.akamaihd.net/hphotos-ak-xfa1/t51.2885-19/11372126_1589753191275879_955392180_a.jpg","Exclusivos No Espirito Santo!","334978046","30-04-2015 - 12-25-05","Â·| Chevrolet Corvette C7 Stingray |[] Motor: 6.2 V8 Aspirado[] PotÃªncia: 460CV[] CÃ¢mbio: Automatico 6Marchas[] Torque: 64,2 kgfm[] 0 a 100: 3,8 Segundos[] Velocidade Maxima: 310Km/h[] Peso: 1.520Kg[] PreÃ§o Inicial: R$ 479.990,00 (WebMotors) na cor Vermelha,com 6Mil Km rodados a venda na loja Mix Automarcas em Itaquaquecetuba - SP* Foto: Lindemberg Sanches* Via: Supercarroscapixabas@gmail.com* Local: Shopping Vitoria ,VitÃ³ria - ES* Com: @CamaroseVettes| #Chevrolet | #Corvette | #C7 | #C7Stingray | #Stingray | #V8 | #CorvetteC7Stingray | #Vix | #VitoriaES | #ShoppingVitoria | #Shopping |","[Tripa traz por 260k][Isso ae @guiguidolim tem que ser muito doido pra comprar por aqui][Vi esse corvette na rua da lama][Amigo, o anuncio de 260k Ã© com a cotaÃ§Ã£o do dÃ³lar a R$ 2,2 . Atualize o dÃ³lar. Nenhum importaÃ§Ã£o direta consegue traze-lo por menos de 360k.][Isso por baixo...alem disso importaÃ§Ã£o direta envolve riscos, e depende de aÃ§Ã£o judicial pra isenÃ§ao de IPI pessoa fisica. .alem de nao permitir parcelamento.][Com certeza Ã© vantajoso, mas milagres nao existem no Ã¢mbito financeiro.][@dionatan.as !!!][320mil preÃ§o justo]"
"https://scontent.cdninstagram.com/hphotos-xap1/t51.2885-15/s320x320/e15/11208327_372164846318105_344982641_n.jpg","wilclervicente","32","https://instagram.com/p/2GgHWZGDAn/","Praia de Camburi - VitÃ³ria - ES","234367883","-20.286491354","-40.290341862","Normal","1430402302","https://igcdn-photos-g-a.akamaihd.net/hphotos-ak-xaf1/t51.2885-19/s150x150/11326510_1508048636152726_126363239_a.jpg","Wilcler Vicente","303941547","30-04-2015 - 10-58-22","Vivendo um dia de cada vez! ğŸŒğŸš²ğŸ’¥#gopro #goprovip #goprovix_ #hero4  #inlove #goodvibe #capixabanato #capixabadagema #vitoriaes #minhasraizes",""
"https://scontent.cdninstagram.com/hphotos-xfa1/t51.2885-15/s320x320/e15/11187082_1396076040717461_46533159_n.jpg","centro_vet","110","https://instagram.com/p/2GelhDjzym/",,,,,"Normal","1430401501","https://igcdn-photos-e-a.akamaihd.net/hphotos-ak-xpa1/t51.2885-19/10817704_365123733664836_1021657229_a.jpg","Centro VeterinÃ¡rio CentroVet","1576915974","30-04-2015 - 10-55-37",,"[@ale_martins80 :'(][@thallisms meudeos ğŸ˜Ÿ][@alanahbueno lÃª isso!][Minha gata tem 14 anos e parece jovem ainda.][OlÃ¡ tudo @ale_martins80 bem? se vocÃª Ã© como nÃ³s da @alojadopet ama os animais, cuida, e da carinho, entÃ£o temos algo em comum. Confira nosso insta, todo dia conteÃºdo novo para vocÃª ficar por dentro do mundo pet.][Ainda bem que em alguns casos existe tratamento, nÃ£o Ã© @centro_vet??? E a FarmÃ¡cia Vida Animal tem....][@alojadopet hummm...ok!! Eu amo animais ğŸ˜ğŸ˜ğŸ•ğŸ¶ğŸ©ğŸˆğŸ±][Quem ama de verdade os animais,entende perfeitamente isso!]"
"https://scontent.cdninstagram.com/hphotos-xfp1/t51.2885-15/s320x320/e15/11195839_1487401361550069_1363046053_n.jpg","lafhaete","20","https://instagram.com/p/2GeZQFk2YW/",,,,,"Moon","1430401400","https://igcdn-photos-a-a.akamaihd.net/hphotos-ak-xaf1/t51.2885-19/s150x150/11256688_860955610660600_1612825814_a.jpg","Lafhaete Soares","1378051240","06-05-2015 - 06-13-51",,"[good pic! :)]"
"https://scontent.cdninstagram.com/hphotos-xpf1/t51.2885-15/s320x320/e15/11203322_378548705674300_1813553002_n.jpg","gabrielcerqu","30","https://instagram.com/p/2GVSU3Jsxu/",,,,,"Lo-fi","1430396625","https://igcdn-photos-h-a.akamaihd.net/hphotos-ak-xfp1/t51.2885-19/11203471_836651476410175_1809280781_a.jpg","Gabriel Cerqueira","2008442482","30-04-2015 - 22-44-46",,"[Foto linda!]"
"https://scontent.cdninstagram.com/hphotos-xpf1/t51.2885-15/s320x320/e15/11189302_871709656200725_2027623125_n.jpg","dp_replicas","109","https://instagram.com/p/2GPOHwL9ay/",,,,,"Normal","1430393445","https://instagramimages-a.akamaihd.net/profiles/profile_461698060_75sq_1375093865.jpg","DPReplicas","461698060","30-04-2015 - 08-42-55",,"[@robertohf]"
"https://scontent.cdninstagram.com/hphotos-xpt1/t51.2885-15/s320x320/e15/11191535_1822042711353213_1612262633_n.jpg","jademusso","42","https://instagram.com/p/2GLofaGMaq/",,,,,"Normal","1430391564","https://igcdn-photos-b-a.akamaihd.net/hphotos-ak-xaf1/t51.2885-19/s150x150/11311083_1635220673383929_705452797_a.jpg","Jade Musso","806011584","30-04-2015 - 08-43-44",,"[Ficou show a foto! Use #profissaoaventura nas suas fotos mais radicais! ğŸ˜‰ğŸ˜€][Lindo! ğŸ‘ğŸ‘][@greenbrun a]"
"https://scontent.cdninstagram.com/hphotos-xap1/t51.2885-15/s320x320/e15/11190984_834227926631741_185202831_n.jpg","petescolaguiadamatilha","37","https://instagram.com/p/2GIntDtZKU/","Pet Escola Guia da Matilha","441767089","-20.3164054","-40.3101664","Earlybird","1430389984","https://igcdn-photos-a-a.akamaihd.net/hphotos-ak-xfp1/t51.2885-19/10467949_780027088719992_587115371_a.jpg","Pet Escola Guia Da Matilha","358288427","30-04-2015 - 07-39-56","EntÃ£o vocÃª pega uma gostosura dessa tirando uma sonequinha em pleno perÃ­odo de aula ğŸ˜‚ğŸ˜„ğŸ˜Chanelzinha â¤#petescolaguiadamatilha #daycare #crecheparacaes #adestramento #hospedagem #instadogs #apaixonadosporcaes #doglovers #instapet #instapets #maltese #maltes #vitoriaes","[Coisa mais linda...][@vanessasardenberg @babipancotto][Que linda!][Kkkkkkkkk tipo muito cansada ne! Dormindo sem nem apoiar a cabeÃ§a][Kkkkkkkk brincou muito apagou ,vida difÃ­cil ğŸ˜‚ @larasardenbergg][@barrosbrunno @brunatinti olha a baby na creche! ğŸ˜][Awnnnn parece eu na aula! @babipancotto][Pretty!]"
"https://scontent.cdninstagram.com/hphotos-xaf1/t51.2885-15/s320x320/e15/11190750_414946022041075_445611059_n.jpg","turismoeservicos","63","https://instagram.com/p/2FyrVDkz4k/",,,,,"Normal","1430378480","https://igcdn-photos-c-a.akamaihd.net/hphotos-ak-xaf1/t51.2885-19/10691667_673289569445058_1762280965_a.jpg","Jornal Turismo & Servicos","1483531230","30-04-2015 - 09-15-19",,"[obrigado pelo compartilhamento. vamos divulgar nosso EspÃ­rito Santo .][:) @kekosinclair]"
"https://scontent.cdninstagram.com/hphotos-xap1/t51.2885-15/s320x320/e15/11208256_832527403492569_921413176_n.jpg","guillegobbi","57","https://instagram.com/p/2FflzcwU8Z/",,,,,"Normal","1430368473","https://igcdn-photos-h-a.akamaihd.net/hphotos-ak-xap1/t51.2885-19/11205684_1428109220828471_1476977343_a.jpg","Guilherme Gobbi","238169178","30-04-2015 - 05-43-19",,"[ğŸ‘ğŸ¼ğŸ‘ğŸ¼ğŸ‘ğŸ¼ğŸ‘ğŸ¼][ğŸ˜ğŸ˜ğŸ˜ğŸ˜ğŸ˜ğŸ˜ğŸ˜][Awesome]"
"https://scontent.cdninstagram.com/hphotos-xpa1/t51.2885-15/s320x320/e15/11199610_362819857242309_517934812_n.jpg","jessicarodrigueseufrasio","12","https://instagram.com/p/2FVlPAnQWz/",,,,,"Lark","1430363225","https://igcdn-photos-b-a.akamaihd.net/hphotos-ak-xaf1/t51.2885-19/11378206_390881551108929_433027666_a.jpg","Jessica Rodrigues Eufrasio","1671626856","30-04-2015 - 00-07-05",,""
"https://scontent.cdninstagram.com/hphotos-xpa1/t51.2885-15/s320x320/e15/11208140_1447069112257271_1604437940_n.jpg","kekosinclair","82","https://instagram.com/p/2FSAxLOdYO/",,,,,"Normal","1430361354","https://igcdn-photos-f-a.akamaihd.net/hphotos-ak-xap1/t51.2885-19/10632459_269967016536349_1764426376_a.jpg","Keko Sinclair Birck","278843700","29-04-2015 - 23-37-54",,"[Lindas suas fotos ğŸ‘ğŸ‘ğŸ‘][Lindaaaaaa foto...][BelÃ­ssima fotoğŸ‘ğŸ‘]"
"https://scontent.cdninstagram.com/hphotos-xap1/t51.2885-15/s320x320/e15/11176534_294491370830653_1605379783_n.jpg","jeffdebs_tattoo","39","https://instagram.com/p/2FQWy-l0Zd/",,,,,"Slumber","1430360486","https://igcdn-photos-g-a.akamaihd.net/hphotos-ak-xaf1/t51.2885-19/11267202_979690772062470_1959016764_a.jpg","Jeff Debs Art Tattoo","1604381488","29-04-2015 - 23-28-42",,"[Hoje vocÃª merece uma pizza quentinha na sua casa! Que tal? @misterpizzatijuca][Ganhei uma piza @misterpizzatijuca !?][Que legal q ganhei uma pizza @misterpizzatijuca, pode mandar p ca!]"
"https://scontent.cdninstagram.com/hphotos-xap1/t51.2885-15/s320x320/e15/11190361_1620518148159849_520251400_n.jpg","fundofotografico","10","https://instagram.com/p/2FP8sgHSiH/",,,,,"Normal","1430360272","https://igcdn-photos-b-a.akamaihd.net/hphotos-ak-xaf1/t51.2885-19/11247028_547658685373257_879070808_a.jpg","SC Fundo FotogrÃ¡fico","2000041865","29-04-2015 - 23-20-21",,"[#fundofotografico #vitrine #fundofotograficodetecido #background #backdrops #backdrop #vitoriaes #vitrina #cenÃ¡rio #vilavelhaes #diadasmaes #renner][Cool! #windowswear][ğŸ˜Š ğŸ˜Š âœŒ]"
"https://scontent.cdninstagram.com/hphotos-xap1/t51.2885-15/s320x320/e15/11189460_563078653831927_1392091125_n.jpg","gideon_fotografo","35","https://instagram.com/p/2FMjfKRRHT/",,,,,"Normal","1430358493","https://igcdn-photos-g-a.akamaihd.net/hphotos-ak-xaf1/t51.2885-19/11374537_813391375418430_899077343_a.jpg","GIDEON RODRIGUES ğŸ“· (ES)","1359719419","29-04-2015 - 22-48-13",,""
"https://scontent.cdninstagram.com/hphotos-xpf1/t51.2885-15/s320x320/e15/11190682_859973120741178_1002193960_n.jpg","draingridcharpinel","32","https://instagram.com/p/2FG2_loSnn/",,,,,"Lark","1430355507","https://igcdn-photos-f-a.akamaihd.net/hphotos-ak-xfa1/t51.2885-19/11326616_408734172645077_1765184963_a.jpg","","48052121","29-04-2015 - 22-25-34",,"[ğŸ˜‰ âœŒ ğŸ‘ ğŸ˜Œ][ğŸ‘ğŸ‘ğŸ‘ğŸ‘ğŸ‘ğŸ‘ğŸ‘ğŸ‘]"
"https://scontent.cdninstagram.com/hphotos-xtp1/t51.2885-15/s320x320/e15/11189691_1622662131305207_566283940_n.jpg","dnisedeazevedo","21","https://instagram.com/p/2FGe2hspOj/",,,,,"Ludwig","1430355309","https://igcdn-photos-f-a.akamaihd.net/hphotos-ak-xaf1/t51.2885-19/s150x150/11257848_1672090126368061_486091933_a.jpg","Denise","1265763235","29-04-2015 - 22-14-55",,"[Amo amigaâ™¥]"
"https://scontent.cdninstagram.com/hphotos-xap1/t51.2885-15/s320x320/e15/11186934_1598979033704425_808421829_n.jpg","pet_hotel_fazendinha","57","https://instagram.com/p/2FF8qQsuT6/",,,,,"Juno","1430355029","https://igcdn-photos-e-a.akamaihd.net/hphotos-ak-xaf1/t51.2885-19/11821120_1466564260333604_556907706_a.jpg","Pethotel Fazendinha","1299708256","29-04-2015 - 21-50-29",,""
"https://scontent.cdninstagram.com/hphotos-xpt1/t51.2885-15/s320x320/e15/11192696_540349072771325_2026618286_n.jpg","espiritocapixaba","125","https://instagram.com/p/2FEYdOKnbd/",,,,,"Normal","1430354208","https://igcdn-photos-a-a.akamaihd.net/hphotos-ak-xaf1/t51.2885-19/s150x150/11326363_753882504733848_1160151588_a.jpg","ğŸŒºEspÃ­rito Capixaba ğŸŒğŸŒ´ï¸ğŸŒŠâœŒï¸","1623612716","29-04-2015 - 21-36-48",,""
"https://scontent.cdninstagram.com/hphotos-xpa1/t51.2885-15/s320x320/e15/11190730_1639410936277483_1802185076_n.jpg","motivacao.nutreweb","16","https://instagram.com/p/2FD--0tSRi/",,,,,"Normal","1430353999","https://igcdn-photos-a-a.akamaihd.net/hphotos-ak-xpf1/t51.2885-19/11008103_624997130961984_2073869302_a.jpg","MotivAÃ§Ã£o - Nutreweb","1728418400","07-05-2015 - 11-23-50",,"[â˜º ğŸ‘ ğŸ”]"
"https://scontent.cdninstagram.com/hphotos-xfp1/t51.2885-15/s320x320/e15/11195868_1597127757200533_1288200298_n.jpg","samirblunck","57","https://instagram.com/p/2FCyTTqER2/",,,,,"Normal","1430353371","https://igcdn-photos-a-a.akamaihd.net/hphotos-ak-xaf1/t51.2885-19/11382948_1646265708954880_1245407446_a.jpg","Samir Blunck Aride","38507576","29-04-2015 - 23-09-14",,"[ğŸ‘ğŸ»ğŸ‘ğŸ»][Show ğŸ‘ğŸ‘ğŸ‘ belo post ğŸ”ğŸ”ğŸ‘µğŸ‘´ğŸ˜âœ¨][ğŸ‘ğŸ»ğŸ‘ğŸ»ğŸ‘ğŸ»ğŸ‘ğŸ»Ã³timo]"
"https://scontent.cdninstagram.com/hphotos-xap1/t51.2885-15/s320x320/e15/11184483_1436334376663201_1494140547_n.jpg","mamaesfesteirasdoes","82","https://instagram.com/p/2E8_B5t_XN/",,,,,"Normal","1430350330","https://igcdn-photos-g-a.akamaihd.net/hphotos-ak-xpf1/t51.2885-19/10499291_882864738413070_1055390265_a.jpg","MamÃ£es Festeiras do ES","1586048580","30-04-2015 - 01-45-30",,"[â¤ï¸â¤ï¸â¤ï¸â¤ï¸â¤ï¸][@sol_martiiins olha esse][Quero um bolo desse de aniversÃ¡rio @ferreiraing @lemacedof][Ta exigente hein amiga kkk @erikarzago][Que isso amiga @lemacedof eu apenas mereÃ§o kk][Com certeza! kkk @erikarzago][@winnieresendebuzatt lembrei de vocÃª!!! ğŸ˜ŠğŸ˜ŠğŸ˜Š][Aaaaaff!!! Vou inventar um aniversÃ¡rio pra pedir @nayyajima]"
"https://scontent.cdninstagram.com/hphotos-xap1/t51.2885-15/s320x320/e15/11201796_1652219481679404_987113808_n.jpg","tassilacfotografia","79","https://instagram.com/p/2E8hkrnA_J/",,,,,"Normal","1430350088","https://igcdn-photos-d-a.akamaihd.net/hphotos-ak-xaf1/t51.2885-19/10623978_830803516943683_566390896_a.jpg","TÃ¡ssila Costa","323101794","29-04-2015 - 20-28-08",,""
"https://scontent.cdninstagram.com/hphotos-xap1/t51.2885-15/s320x320/e15/11208045_972465032805262_1887889830_n.jpg","lafhaete","26","https://instagram.com/p/2E8beDk2bL/","Lafhayete.blogspot.com","656324334","-20.3419577","-40.4215023","Normal","1430350038","https://igcdn-photos-a-a.akamaihd.net/hphotos-ak-xaf1/t51.2885-19/s150x150/11256688_860955610660600_1612825814_a.jpg","Lafhaete Soares","1378051240","29-04-2015 - 20-27-56","Blog Lafhayet'e Soares ! lafhayete.blogspot.comTODO SEU! #stylemens #modamasculina #mes #male #maleblogger #lifestyle #malemodel #nice #fitness #nopainnogain #life  #music #mundo_fotografico #photography #photo #lafhaetephotographer #vitoriaes #rio #london #milano #sp #fashionblogger","[@CLICK_HERE_TO_GET_264_FOLLOWS  @CLICK_HERE_TO_GET_264_FOLLOWS  @CLICK_HERE_TO_GET_264_FOLLOWS][ğŸ‘ğŸ‘]"
"https://scontent.cdninstagram.com/hphotos-xtp1/t51.2885-15/s320x320/e15/11208111_470027133150027_1283732567_n.jpg","melobrauliom","34","https://instagram.com/p/2E2br0I7IL/","Clube Alvares Cabral","220370","-20.319700256","-40.307777353","Normal","1430346894","https://igcdn-photos-f-a.akamaihd.net/hphotos-ak-xaf1/t51.2885-19/s150x150/11296839_1626185110994061_837055640_a.jpg","BrÃ¡ulio Melo","295457283","29-04-2015 - 19-45-31","Preparados??? ğŸ”ğŸ»ğŸŠğŸ¹ğŸ¸ğŸ”ğŸš­ğŸ“µ #openbar #veveta #ivetesangalo #vitoriaes","[Super preparado pra ver mh Mainha ğŸ˜‚][Eu queroooooo!!!][Garradaaaaaaaa][TÃ´ dentro][Amigo queria muito irğŸ˜‚][Ã‰ nÃ³is nÃ© @renatamilanezi ? ğŸ˜œ Ã‰ nÃ³is @melobrauliom][Uhulllll. @negacolatina1 @renatamilanezi @mayara_morelato][Vai ser pequeno d novo. Kkkkkk]"
"https://scontent.cdninstagram.com/hphotos-xpf1/t51.2885-15/s320x320/e15/11199515_674778515978470_899271202_n.jpg","espiritocapixaba","109","https://instagram.com/p/2Ep21KqnTe/",,,,,"Normal","1430340301","https://igcdn-photos-a-a.akamaihd.net/hphotos-ak-xaf1/t51.2885-19/s150x150/11326363_753882504733848_1160151588_a.jpg","ğŸŒºEspÃ­rito Capixaba ğŸŒğŸŒ´ï¸ğŸŒŠâœŒï¸","1623612716","29-04-2015 - 17-49-48",,"[BelÃ­ssimo contraste de cores !!!][ğŸ‘ğŸ‘ğŸ‘ğŸ‘ğŸ‘]"
"https://scontent.cdninstagram.com/hphotos-xfa1/t51.2885-15/s320x320/e15/11203498_686437941501807_1861167587_n.jpg","dp_replicas","131","https://instagram.com/p/2Em02fL9Xy/",,,,,"Normal","1430338712","https://instagramimages-a.akamaihd.net/profiles/profile_461698060_75sq_1375093865.jpg","DPReplicas","461698060","29-04-2015 - 17-29-33",,"[Great pic my friend ğŸ‘ŒğŸ‘][ğŸ˜ğŸ˜ğŸ˜ğŸ˜ğŸ˜ğŸ˜]"
"https://scontent.cdninstagram.com/hphotos-xtf1/t51.2885-15/s320x320/e15/11192815_782943078469107_1340595932_n.jpg","tassilacfotografia","81","https://instagram.com/p/2EjNoAnA2y/",,,,,"Normal","1430336818","https://igcdn-photos-d-a.akamaihd.net/hphotos-ak-xaf1/t51.2885-19/10623978_830803516943683_566390896_a.jpg","TÃ¡ssila Costa","323101794","29-04-2015 - 19-54-24",,"[lindas!][Ã‰ essa???? ğŸ™ˆğŸ™ˆğŸ™ˆğŸ™ˆ][@blogkarolbeduschi uma mais lindaaaa!!]"
"https://scontent.cdninstagram.com/hphotos-xap1/t51.2885-15/s320x320/e15/11192580_1574107946210915_947560485_n.jpg","andressa.modas","33","https://instagram.com/p/2EfbXWDP5z/",,,,,"Normal","1430334833","https://igcdn-photos-f-a.akamaihd.net/hphotos-ak-xpf1/t51.2885-19/s150x150/10809968_388127501377173_597246961_a.jpg","Showroom Andressa AraÃºjo","525540830","30-04-2015 - 21-21-06",,"[Like it!]"
"https://scontent.cdninstagram.com/hphotos-xap1/t51.2885-15/s320x320/e15/11195709_1442279009417184_102295567_n.jpg","andressa.modas","26","https://instagram.com/p/2EeyX_DP41/",,,,,"Normal","1430334497","https://igcdn-photos-f-a.akamaihd.net/hphotos-ak-xpf1/t51.2885-19/s150x150/10809968_388127501377173_597246961_a.jpg","Showroom Andressa AraÃºjo","525540830","30-04-2015 - 04-20-03",,"[ğŸ’›â˜ºï¸][â˜º ğŸ‘ ğŸ˜Š]"
"https://scontent.cdninstagram.com/hphotos-xpa1/t51.2885-15/s320x320/e15/11208553_643062669157013_494072445_n.jpg","petescolaguiadamatilha","42","https://instagram.com/p/2Ed5voNZBp/","Pet Escola Guia da Matilha","441767089","-20.3164054","-40.3101664","Rise","1430334033","https://igcdn-photos-a-a.akamaihd.net/hphotos-ak-xfp1/t51.2885-19/10467949_780027088719992_587115371_a.jpg","Pet Escola Guia Da Matilha","358288427","29-04-2015 - 16-47-42","Fred fazendo novos amigos por aqui! ğŸ˜† Bartinho e Nina sÃ³ na interaÃ§Ã£o com ele ğŸ˜ŠğŸ™Œ #petescolaguiadamatilha #daycare #crecheparacaes #adestramento #hospedagem #instadogs #apaixonadosporcaes #doglovers #instapet #instapets #vitoriaes #viralatas #viralatasinstagram #viralata #pug #puglovers #pugsofinstagram","[Que fofo!!! Ansiosa pra levar o Oliver logo][@lucarraretto estamos tambÃ©m querendo muito que ele faÃ§a parte da nossa matilha... ğŸ˜‰][Nice pic :)]"
"https://scontent.cdninstagram.com/hphotos-xpa1/t51.2885-15/s320x320/e15/11201755_642746542536378_1088043410_n.jpg","patrickmelgaco","28","https://instagram.com/p/2ESxFcHpCM/",,,,,"Normal","1430328195","https://igcdn-photos-f-a.akamaihd.net/hphotos-ak-xfa1/t51.2885-19/11296727_1173178716044341_219781235_a.jpg","Patrick MelgaÃ§o:","255901955","29-04-2015 - 14-24-19",,"[Aoooo escalinha adrenante kkkkk][kkkkkkk.... Segura CaiÃ£o!!!! Valeu irmÃ£o! @caioafeto2]"
"https://scontent.cdninstagram.com/hphotos-xpa1/t51.2885-15/s320x320/e15/11184688_266032460234031_1231116368_n.jpg","kekosinclair","54","https://instagram.com/p/2EQAqNOdeh/",,,,,"X-Pro II","1430326750","https://igcdn-photos-f-a.akamaihd.net/hphotos-ak-xap1/t51.2885-19/10632459_269967016536349_1764426376_a.jpg","Keko Sinclair Birck","278843700","29-04-2015 - 14-02-39",,"[Feliz aniversÃ¡rio Keko! Bjao][Sua foto vale muito mais! #VEMGENTE #ONPIC www.onpic.com.br. FaÃ§a seu perfill Ãºnico, participe de todos desafios e ganhe muitos prÃªmios! #EUGANHOPREMIOSONPIC][@renatapeixotos obrigado querida.][Toda vez q vou ai no convento tiro uma foto nessa janelinha kkk]"
"https://scontent.cdninstagram.com/hphotos-xap1/t51.2885-15/s320x320/e15/11191008_609048495899035_1921664569_n.jpg","dp_replicas","157","https://instagram.com/p/2EOLlhL9df/",,,,,"Normal","1430325791","https://instagramimages-a.akamaihd.net/profiles/profile_461698060_75sq_1375093865.jpg","DPReplicas","461698060","29-04-2015 - 17-23-01",,"[Top!!!][@manzanno atÃ© xenon][O audi branco , qual Ã© ?][@alexandrefortes1 Ã© um Audi a3 sportback][Love it!]"
"https://scontent.cdninstagram.com/hphotos-xtp1/t51.2885-15/s320x320/e15/11176243_570385089731945_1120695158_n.jpg","vanguardacabeloebarba","53","https://instagram.com/p/2ELu-4PL8U/","Vanguarda Cabelo & Barba","307109011","-20.2792797","-40.2954292","Normal","1430324508","https://igcdn-photos-b-a.akamaihd.net/hphotos-ak-xpt1/t51.2885-19/11192615_770572513040617_2022715668_a.jpg","vanguarda. cabelo e barba","1289238886","29-04-2015 - 13-21-48","Quando o cliente sabe explorar o que a gente estuda (sim, barbeiro estuda!), o resultado Ã© o que de melhor da Vanguarda vocÃª pode ter. Na foto, ""high top skin fade"", jogando o topete fora e partindo pro curto geomÃ©trico. Trabalho de Vanessa Labuto ğŸ”¥ğŸ”¥ğŸ”¥ğŸ”¥ğŸ”¥ #vanguardacabeloebarba #cabeloebarba #cabelo #barba #barbearia #corte #vitoria #vitoriaes #brasil #brazil #internationalbarber #barber #menshair #menshaircut #menshairstyle #baberlife #traditional_barbers #keepittraditional #barberpride #barberlove #barbering#murrayspomade #barbershop #beard #wahlclipper #clipper #wahl",""
"https://scontent.cdninstagram.com/hphotos-xpa1/t51.2885-15/s320x320/e15/11205929_478215732347445_1202941605_n.jpg","tessaromoveis","26","https://instagram.com/p/2EKeEwNQkd/","Tessaro MÃ³veis in Design","549891049","-20.546292303","-44.653516178","Normal","1430323845","https://igcdn-photos-g-a.akamaihd.net/hphotos-ak-xfp1/t51.2885-19/10881955_581963431904758_808657892_a.jpg","Tessaro MÃ³veis In Design","1613033393","29-04-2015 - 13-35-27","#Repost @tessaromoveisvitoria â€¨#tessaromoveis #design #decor #decoraÃ§Ã£o #architecture #arquiteturaedesign #arquiteturaedecoraÃ§Ã£o #moveisparavaranda #qualidade #instatop #instadecor #instadesign #instadecoracao #top #homedesign #homedecor #vitoriaes #arquiteturabrasil #vitoriadecor #requinte #luxo #designdeinteriores #moveissobmedida #moveisparavaranda #adornos #madeira #luxo #sofisticaÃ§Ã£o #requinte","[ğŸ’›][Lindos][ğŸ˜‰ ğŸ˜ƒ â˜ ğŸ˜‰ ğŸ”]"
"https://scontent.cdninstagram.com/hphotos-xtp1/t51.2885-15/s320x320/e15/11208195_1573581472892377_1365355860_n.jpg","supercarroscapixabas","469","https://instagram.com/p/2EI_srL5-c/","VitÃ³ria, Brazil","213979673","-20.3189","-40.3378","Normal","1430323072","https://igcdn-photos-h-a.akamaihd.net/hphotos-ak-xfa1/t51.2885-19/11372126_1589753191275879_955392180_a.jpg","Exclusivos No Espirito Santo!","334978046","29-04-2015 - 13-15-52","ExÃ³tico!| Hummer H2 |* Foto: @Raynoncf* Local: VitÃ³ria - ES| #Hummer | #H2 | #4x4 | #VitoriaES | #Vix | #Yellow |","[@hiagoperini][JÃ¡ ta parado nesse oficina a uma cara !][Deve fazer uns 3 litros/km...][Ajuda a nÃ³s divulgar amigo @supercarroscapixabas  abracos][@BF.ES nuss,Ã© claro que vou te ajudar! Tava esperando alguem criar uma pagina dessa][@supercarroscapixabas me passa seu contato segue o meu 99284-9785]"
"https://scontent.cdninstagram.com/hphotos-xap1/t51.2885-15/s320x320/e15/11189269_1594646287449072_1328715197_n.jpg","fundofotografico","10","https://instagram.com/p/2ECwVhHSiV/",,,,,"Normal","1430319800","https://igcdn-photos-b-a.akamaihd.net/hphotos-ak-xaf1/t51.2885-19/11247028_547658685373257_879070808_a.jpg","SC Fundo FotogrÃ¡fico","2000041865","29-04-2015 - 12-04-52",,"[#empresacapixaba #vitoriaes #es #vilavelhaes #grandevitoria #fotografia #fundofotografico #fundofotogrampo #fundofotograficodetecido #backdrop #backdrops #background #fundoinfinito #tecidooxford #fotÃ³grafos #estudiofotografico][Qual valor deste??]"
"https://scontent.cdninstagram.com/hphotos-xtf1/t51.2885-15/s320x320/e15/11192875_851492894916288_2053938634_n.jpg","fundofotografico","13","https://instagram.com/p/2ECoKHnSiD/",,,,,"Normal","1430319733","https://igcdn-photos-b-a.akamaihd.net/hphotos-ak-xaf1/t51.2885-19/11247028_547658685373257_879070808_a.jpg","SC Fundo FotogrÃ¡fico","2000041865","29-04-2015 - 12-05-12",,"[#empresacapixaba #vitoriaes #es #vilavelhaes #grandevitoria #fotografia #fundofotografico #fundofotogrampo #fundofotograficodetecido #backdrop #backdrops #background #fundoinfinito #tecidooxford #fotÃ³grafos #estudiofotografico #fotografiapublicitaria][#publicidade #fotografiacomercial]"
"https://scontent.cdninstagram.com/hphotos-xap1/t51.2885-15/s320x320/e15/11191239_1431790523803597_553031107_n.jpg","rankingrentacar","5","https://instagram.com/p/2ECZaToaVV/",,,,,"Normal","1430319613","https://igcdn-photos-a-a.akamaihd.net/hphotos-ak-xfp1/t51.2885-19/10957683_1043880048959136_1315691971_a.jpg","Ranking Rent a Car","252092152","29-04-2015 - 12-00-13",,""
"https://scontent.cdninstagram.com/hphotos-xap1/t51.2885-15/s320x320/e15/11187102_887563027971289_1465430468_n.jpg","fundofotografico","7","https://instagram.com/p/2EBikBHSgg/",,"757591674",,,"Normal","1430319163","https://igcdn-photos-b-a.akamaihd.net/hphotos-ak-xaf1/t51.2885-19/11247028_547658685373257_879070808_a.jpg","SC Fundo FotogrÃ¡fico","2000041865","29-04-2015 - 11-53-36","Fundo de Madeira [02] super clean.. para fotografar muito!","[#empresacapixaba #vitoriaes #es #vilavelhaes #grandevitoria #fotografia #fundofotografico #fundofotogrampo #fundofotograficodetecido #backdrop #backdrops #background #fundoinfinito #tecidooxford #fotÃ³grafos #estudiofotografico]"
"https://scontent.cdninstagram.com/hphotos-xfa1/t51.2885-15/s320x320/e15/11190052_1598531023761423_390397837_n.jpg","lafhaete","20","https://instagram.com/p/2D8kiAE2a1/","Lafhayete.blogspot.com","656324334","-20.3419577","-40.4215023","Normal","1430316558","https://igcdn-photos-a-a.akamaihd.net/hphotos-ak-xaf1/t51.2885-19/s150x150/11256688_860955610660600_1612825814_a.jpg","Lafhaete Soares","1378051240","29-04-2015 - 11-09-45","Sabado tem casamento e estou  montando o look dentro dos padroes. Nao se esqueÃ§a que casamentos sao cerimonias e festas tradicionais,evite cores muitos fortes e um look muito colorido. Caso seja um evento durante o dia ai sim vc pode brincar um pouco nao se  esquecendo da tradiÃ§ao vinda de um visual mais elegante! #partytime #night #party #mens #stylemens #style #fashion #blogger #vitoriaes #rio #sp #nyc","[@CLICK_HERE_TO_GET_258_FOLLOWS  @CLICK_HERE_TO_GET_258_FOLLOWS  @CLICK_HERE_TO_GET_258_FOLLOWS][Top][ğŸ‘Œ][If you are ever in Bedstuy , Brooklyn. NY. Stop by & see us @thebarboutique. We have dope brands, for dope people with dope lifestyles. 166 Ralph Avenue/ Macon.]"
"https://scontent.cdninstagram.com/hphotos-xap1/t51.2885-15/s320x320/e15/11176465_539970979474343_1662460230_n.jpg","mairatristao","55","https://instagram.com/p/2D6q3tDxbd/",,,,,"Normal","1430315561","https://igcdn-photos-f-a.akamaihd.net/hphotos-ak-xfa1/t51.2885-19/11849885_424477224422725_1472002440_a.jpg","MaÃ­ra TristÃ£o","32105964","29-04-2015 - 10-54-56",,"[#jardimdapenha #vitoria #vitorinha #vitoriaes #espiritosanto #es #soues #capixaba #pordosol #fimdodia #fimdetarde  #skyline #skylover #skyporn #sky #ceu]"
"https://scontent.cdninstagram.com/hphotos-xap1/t51.2885-15/s320x320/e15/11205864_697746113670274_581851670_n.jpg","espiritocapixaba","142","https://instagram.com/p/2D5uMWqneH/",,,,,"Normal","1430315064","https://igcdn-photos-a-a.akamaihd.net/hphotos-ak-xaf1/t51.2885-19/s150x150/11326363_753882504733848_1160151588_a.jpg","ğŸŒºEspÃ­rito Capixaba ğŸŒğŸŒ´ï¸ğŸŒŠâœŒï¸","1623612716","29-04-2015 - 10-51-42",,"[Maravilhoso amanhecer!!!][ğŸ‘]"
"https://scontent.cdninstagram.com/hphotos-xpf1/t51.2885-15/s320x320/e15/11189381_946985601999332_1960486678_n.jpg","espiritocapixaba","141","https://instagram.com/p/2D5WJhqndd/",,,,,"Normal","1430314867","https://igcdn-photos-a-a.akamaihd.net/hphotos-ak-xaf1/t51.2885-19/s150x150/11326363_753882504733848_1160151588_a.jpg","ğŸŒºEspÃ­rito Capixaba ğŸŒğŸŒ´ï¸ğŸŒŠâœŒï¸","1623612716","16-05-2015 - 01-05-47",,"[Amo vocÃª VitÃ³ria!!! â¤ï¸ğŸ’™â¤ï¸ğŸ’™]"
"https://scontent.cdninstagram.com/hphotos-ash/t51.2885-15/s320x320/e15/11191318_1128415037172266_792402163_n.jpg","espiritocapixaba","99","https://instagram.com/p/2D4YBBKnbh/",,,,,"Normal","1430314358","https://igcdn-photos-a-a.akamaihd.net/hphotos-ak-xaf1/t51.2885-19/s150x150/11326363_753882504733848_1160151588_a.jpg","ğŸŒºEspÃ­rito Capixaba ğŸŒğŸŒ´ï¸ğŸŒŠâœŒï¸","1623612716","20-05-2015 - 19-11-23",,"[Lindo demais e a natureza ğŸ¦ amo demais..]"
"https://scontent.cdninstagram.com/hphotos-xap1/t51.2885-15/s320x320/e15/11190024_426995094138473_484779257_n.jpg","centro_vet","76","https://instagram.com/p/2D3fQJDz7T/",,,,,"Normal","1430313893","https://igcdn-photos-e-a.akamaihd.net/hphotos-ak-xpa1/t51.2885-19/10817704_365123733664836_1021657229_a.jpg","Centro VeterinÃ¡rio CentroVet","1576915974","29-04-2015 - 10-24-53",,""
"https://scontent.cdninstagram.com/hphotos-xap1/t51.2885-15/s320x320/e15/11191377_674693189322754_274049247_n.jpg","equipeveki","36","https://instagram.com/p/2D0-oaweqU/",,,,,"Normal","1430312578","https://igcdn-photos-a-a.akamaihd.net/hphotos-ak-xpa1/t51.2885-19/10597519_1506203669619712_1853881049_a.jpg","Veki - Psicologia e Coaching","1476949217","29-04-2015 - 10-02-58",,""
